"Status","Start Time","Stop Time","Duration in ms","Parent Suite","Suite","Sub Suite","Test Class","Test Method","Name","Description"
"passed","Fri May 08 14:00:14 CST 2026","Fri May 08 14:00:20 CST 2026","6214","tests","test_sorting","TestProductSorting","","","test_sorting_price_range[hilo-49.99-7.99]","验证排序后的价格符合预期范围"
"passed","Fri May 08 13:59:05 CST 2026","Fri May 08 13:59:16 CST 2026","11318","tests","test_sorting","TestProductSorting","","","test_sorting[\u6309\u540d\u79f0\u5012\u5e8f]",""
"passed","Fri May 08 13:59:54 CST 2026","Fri May 08 14:00:03 CST 2026","8841","tests","test_sorting","TestProductSorting","","","test_sorting_expected_names[za-expected_order1]","使用数据驱动验证排序后的具体商品顺序
        
        这个测试更具体，直接验证排序后的商品名称列表是否符合预期"
"passed","Fri May 08 14:00:05 CST 2026","Fri May 08 14:00:12 CST 2026","7254","tests","test_sorting","TestProductSorting","","","test_sorting_price_range[lohi-7.99-49.99]","验证排序后的价格符合预期范围"
"passed","Fri May 08 13:59:26 CST 2026","Fri May 08 13:59:46 CST 2026","20458","tests","test_sorting","TestProductSorting","","","test_sorting[\u6309\u4ef7\u683c\u9ad8\u5230\u4f4e\u6392\u5e8f]",""
"passed","Fri May 08 13:58:56 CST 2026","Fri May 08 13:59:03 CST 2026","6842","tests","test_sorting","TestProductSorting","","","test_sorting[\u6309\u540d\u79f0\u6b63\u5e8f]",""
"passed","Fri May 08 13:59:18 CST 2026","Fri May 08 13:59:24 CST 2026","6047","tests","test_sorting","TestProductSorting","","","test_sorting[\u6309\u4ef7\u683c\u4f4e\u5230\u9ad8\u6392\u5e8f]",""
"passed","Fri May 08 13:59:48 CST 2026","Fri May 08 13:59:52 CST 2026","4589","tests","test_sorting","TestProductSorting","","","test_sorting_expected_names[az-expected_order0]","使用数据驱动验证排序后的具体商品顺序
        
        这个测试更具体，直接验证排序后的商品名称列表是否符合预期"
